{"cameraMode":{"drawMode":0,"name":"Shaded","section":"Shading Mode"},"sceneLighting":true,"audioPlay":false,"sceneViewState":{"showFog":true,"showMaterialUpdate":false,"showSkybox":true,"showFlares":true,"showImageEffects":true,"showParticleSystems":true,"showVisualEffectGraphs":true,"m_FxEnabled":true},"in2DMode":false,"pivot":{"x":524.2570190429688,"y":7.916598796844482,"z":-9.028765678405762},"rotation":{"x":0.07977192103862763,"y":0.003069110680371523,"z":-0.000569240131881088,"w":0.9974105358123779},"size":0.24713283777236939,"orthographic":false}